part,n,list_ms,vector_ms,deque_ms
front,1024,0.0120,0.0293,0.0008
front,2048,0.0237,0.0847,0.0015
front,4096,0.0474,0.2401,0.0023
front,8192,0.0656,0.9273,0.0048
front,16384,0.1344,4.2875,0.0092
front,32768,0.2630,17.8685,0.0177
front,65536,0.5407,72.6112,0.0353
front,131072,1.0679,289.6106,0.0702
front,262144,2.1553,-1.0000,0.1425
front,524288,4.6965,-1.0000,0.2787
front,1048576,9.5347,-1.0000,0.5591
sum,1024,0.9883,0.1074,-1
sum,4096,0.8953,0.1028,-1
sum,16384,0.8983,0.1003,-1
sum,65536,0.8777,0.0994,-1
sum,262144,0.8891,0.0994,-1
sum,1048576,0.8912,0.0993,-1
sum,4194304,0.9050,0.1011,-1
