n,algorithm,input,ms
1000,selection,random,0.217
1000,selection,sorted,0.197
1000,selection,reversed,0.197
1000,selection,nearly,0.197
1000,bubble,random,1.341
1000,bubble,sorted,0.001
1000,bubble,reversed,2.764
1000,bubble,nearly,0.001
1000,shaker,random,1.391
1000,shaker,sorted,0.001
1000,shaker,reversed,2.712
1000,shaker,nearly,0.001
1000,insertion,random,0.055
1000,insertion,sorted,0.001
1000,insertion,reversed,0.108
1000,insertion,nearly,0.001
1000,shell,random,0.013
1000,shell,sorted,0.004
1000,shell,reversed,0.006
1000,shell,nearly,0.004
1000,heap,random,0.017
1000,heap,sorted,0.012
1000,heap,reversed,0.011
1000,heap,nearly,0.010
1000,std::sort,random,0.007
1000,std::sort,sorted,0.003
1000,std::sort,reversed,0.002
1000,std::sort,nearly,0.003
1000,std::stable_sort,random,0.010
1000,std::stable_sort,sorted,0.003
1000,std::stable_sort,reversed,0.005
1000,std::stable_sort,nearly,0.003
5000,selection,random,4.989
5000,selection,sorted,4.968
5000,selection,reversed,4.970
5000,selection,nearly,4.977
5000,bubble,random,36.245
5000,bubble,sorted,0.003
5000,bubble,reversed,68.058
5000,bubble,nearly,0.006
5000,shaker,random,36.070
5000,shaker,sorted,0.003
5000,shaker,reversed,68.093
5000,shaker,nearly,0.006
5000,insertion,random,1.360
5000,insertion,sorted,0.003
5000,insertion,reversed,2.779
5000,insertion,nearly,0.003
5000,shell,random,0.199
5000,shell,sorted,0.026
5000,shell,reversed,0.032
5000,shell,nearly,0.027
5000,heap,random,0.173
5000,heap,sorted,0.117
5000,heap,reversed,0.119
5000,heap,nearly,0.116
5000,std::sort,random,0.106
5000,std::sort,sorted,0.020
5000,std::sort,reversed,0.015
5000,std::sort,nearly,0.020
5000,std::stable_sort,random,0.115
5000,std::stable_sort,sorted,0.015
5000,std::stable_sort,reversed,0.026
5000,std::stable_sort,nearly,0.015
20000,selection,random,80.169
20000,selection,sorted,80.235
20000,selection,reversed,80.331
20000,selection,nearly,80.345
20000,bubble,random,565.510
20000,bubble,sorted,0.011
20000,bubble,reversed,1082.351
20000,bubble,nearly,0.026
20000,shaker,random,562.184
20000,shaker,sorted,0.012
20000,shaker,reversed,1092.032
20000,shaker,nearly,0.025
20000,insertion,random,22.829
20000,insertion,sorted,0.012
20000,insertion,reversed,47.627
20000,insertion,nearly,0.014
20000,shell,random,0.993
20000,shell,sorted,0.124
20000,shell,reversed,0.150
20000,shell,nearly,0.126
20000,heap,random,0.887
20000,heap,sorted,0.604
20000,heap,reversed,0.638
20000,heap,nearly,0.610
20000,std::sort,random,0.584
20000,std::sort,sorted,0.094
20000,std::sort,reversed,0.063
20000,std::sort,nearly,0.095
20000,std::stable_sort,random,0.638
20000,std::stable_sort,sorted,0.077
20000,std::stable_sort,reversed,0.113
20000,std::stable_sort,nearly,0.078
100000,shell,random,5.979
100000,shell,sorted,0.740
100000,shell,reversed,0.908
100000,shell,nearly,0.749
100000,heap,random,5.179
100000,heap,sorted,2.627
100000,heap,reversed,2.866
100000,heap,nearly,2.688
100000,std::sort,random,3.429
100000,std::sort,sorted,0.536
100000,std::sort,reversed,0.369
100000,std::sort,nearly,0.534
100000,std::stable_sort,random,3.871
100000,std::stable_sort,sorted,0.417
100000,std::stable_sort,reversed,0.624
100000,std::stable_sort,nearly,0.406
1000000,shell,random,74.611
1000000,shell,sorted,8.206
1000000,shell,reversed,11.070
1000000,shell,nearly,8.789
1000000,heap,random,70.050
1000000,heap,sorted,31.128
1000000,heap,reversed,33.220
1000000,heap,nearly,31.068
1000000,std::sort,random,40.156
1000000,std::sort,sorted,5.973
1000000,std::sort,reversed,4.155
1000000,std::sort,nearly,6.071
1000000,std::stable_sort,random,46.576
1000000,std::stable_sort,sorted,5.023
1000000,std::stable_sort,reversed,7.070
1000000,std::stable_sort,nearly,5.036
