n,structure,order,insert_ns,find_ns,height
1000,avl,random,101.7,33.6,11
1000,std::set,random,43.4,34.8,-1
1000,plain_bst,random,53.4,34.9,-1
1000,avl,sorted,30.4,34.1,9
1000,std::set,sorted,25.8,34.5,-1
1000,plain_bst,sorted,500.9,458.6,-1
10000,avl,random,104.7,53.4,15
10000,std::set,random,60.1,59.4,-1
10000,plain_bst,random,73.6,75.6,-1
10000,avl,sorted,56.7,68.4,13
10000,std::set,sorted,37.1,57.1,-1
10000,plain_bst,sorted,4685.0,4819.4,-1
20000,avl,random,108.8,63.7,16
20000,std::set,random,69.4,77.6,-1
20000,plain_bst,random,74.7,64.3,-1
20000,avl,sorted,48.7,65.2,14
20000,std::set,sorted,31.6,65.3,-1
20000,plain_bst,sorted,9180.3,9395.6,-1
100000,avl,random,156.9,109.0,19
100000,std::set,random,104.5,123.7,-1
100000,plain_bst,random,113.1,110.2,-1
100000,avl,sorted,71.0,107.4,16
100000,std::set,sorted,37.5,110.3,-1
1000000,avl,random,251.5,184.0,23
1000000,std::set,random,189.9,235.3,-1
1000000,plain_bst,random,205.1,203.2,-1
1000000,avl,sorted,113.6,182.5,19
1000000,std::set,sorted,51.1,184.2,-1
