n,doubling_ms,reserve_ms,std_vector_ms,plus64_ms
1024,0.0005,0.0005,0.0004,0.0009
2048,0.0008,0.0010,0.0007,0.0022
4096,0.0015,0.0019,0.0013,0.0068
8192,0.0029,0.0037,0.0024,0.0314
16384,0.0057,0.0074,0.0047,0.1710
32768,0.0568,0.0148,0.0548,2.4314
65536,0.1145,0.0295,0.1088,8.2379
131072,0.3325,0.0591,0.2545,20.5845
262144,0.5608,0.1182,0.4432,85.0830
524288,1.3891,0.2226,0.8388,-1.0000
1048576,2.1183,0.4291,1.0222,-1.0000
2097152,3.1216,0.8378,1.4503,-1.0000
4194304,4.6311,1.6730,2.2163,-1.0000
